#,H,OPT_H,H/OPT_H
1,1006,1000,1.006
2,1010,1000,1.01
3,1009,1000,1.009
4,1004,1000,1.004
5,1011,1000,1.011
6,1006,1000,1.006
7,1006,1000,1.006
8,1004,1000,1.004
9,1008,1000,1.008
10,1006,1000,1.006
11,1006,1000,1.006
12,1007,1000,1.007
13,1007,1000,1.007
14,1006,1000,1.006
15,1009,1000,1.009
16,1007,1000,1.007
17,1005,1000,1.005
18,1005,1000,1.005
19,1004,1000,1.004
20,1007,1000,1.007
21,1004,1000,1.004
22,1004,1000,1.004
23,1006,1000,1.006
24,1004,1000,1.004
25,1011,1000,1.011
26,1007,1000,1.007
27,1005,1000,1.005
28,1004,1000,1.004
29,1003,1000,1.003
30,1005,1000,1.005
31,1003,1000,1.003
32,1012,1000,1.012
33,1007,1000,1.007
34,1007,1000,1.007
35,1007,1000,1.007
36,1008,1000,1.008
37,1005,1000,1.005
38,1004,1000,1.004
39,1011,1000,1.011
40,1005,1000,1.005
41,1006,1000,1.006
42,1004,1000,1.004
43,1006,1000,1.006
44,1013,1000,1.013
45,1010,1000,1.01
46,1008,1000,1.008
47,1009,1000,1.009
48,1005,1000,1.005
49,1003,1000,1.003
50,1006,1000,1.006
51,1005,1000,1.005
52,1004,1000,1.004
53,1008,1000,1.008
54,1008,1000,1.008
55,1007,1000,1.007
56,1003,1000,1.003
57,1010,1000,1.01
58,1024,1000,1.024
59,1005,1000,1.005
60,1004,1000,1.004
61,1004,1000,1.004
62,1008,1000,1.008
63,1005,1000,1.005
64,1006,1000,1.006
65,1008,1000,1.008
66,1006,1000,1.006
67,1006,1000,1.006
68,1002,1000,1.002
69,1006,1000,1.006
70,1005,1000,1.005
71,1005,1000,1.005
72,1004,1000,1.004
73,1006,1000,1.006
74,1005,1000,1.005
75,1005,1000,1.005
76,1008,1000,1.008
77,1008,1000,1.008
78,1009,1000,1.009
79,1005,1000,1.005
80,1006,1000,1.006
81,1007,1000,1.007
82,1005,1000,1.005
83,1020,1000,1.02
84,1007,1000,1.007
85,1007,1000,1.007
86,1003,1000,1.003
87,1005,1000,1.005
88,1006,1000,1.006
89,1005,1000,1.005
90,1007,1000,1.007
91,1004,1000,1.004
92,1011,1000,1.011
93,1009,1000,1.009
94,1007,1000,1.007
95,1006,1000,1.006
96,1003,1000,1.003
97,1003,1000,1.003
98,1005,1000,1.005
99,1005,1000,1.005
100,1003,1000,1.003
101,1004,1000,1.004
102,1007,1000,1.007
103,1005,1000,1.005
104,1009,1000,1.009
105,1005,1000,1.005
106,1007,1000,1.007
107,1007,1000,1.007
108,1009,1000,1.009
109,1009,1000,1.009
110,1006,1000,1.006
111,1005,1000,1.005
112,1008,1000,1.008
113,1005,1000,1.005
114,1009,1000,1.009
115,1014,1000,1.014
116,1005,1000,1.005
117,1005,1000,1.005
118,1005,1000,1.005
119,1004,1000,1.004
120,1005,1000,1.005
121,1007,1000,1.007
122,1007,1000,1.007
123,1006,1000,1.006
124,1006,1000,1.006
125,1006,1000,1.006
126,1005,1000,1.005
127,1006,1000,1.006
128,1007,1000,1.007
129,1007,1000,1.007
130,1011,1000,1.011
131,1011,1000,1.011
132,1011,1000,1.011
133,1007,1000,1.007
134,1005,1000,1.005
135,1007,1000,1.007
136,1003,1000,1.003
137,1004,1000,1.004
138,1006,1000,1.006
139,1009,1000,1.009
140,1006,1000,1.006
141,1004,1000,1.004
142,1004,1000,1.004
143,1009,1000,1.009
144,1006,1000,1.006
145,1007,1000,1.007
146,1005,1000,1.005
147,1008,1000,1.008
148,1004,1000,1.004
149,1008,1000,1.008
150,1004,1000,1.004
151,1007,1000,1.007
152,1005,1000,1.005
153,1006,1000,1.006
154,1008,1000,1.008
155,1006,1000,1.006
156,1003,1000,1.003
157,1004,1000,1.004
158,1009,1000,1.009
159,1007,1000,1.007
160,1011,1000,1.011
161,1005,1000,1.005
162,1007,1000,1.007
163,1005,1000,1.005
164,1012,1000,1.012
165,1007,1000,1.007
166,1016,1000,1.016
167,1008,1000,1.008
168,1010,1000,1.01
169,1006,1000,1.006
170,1003,1000,1.003
171,1008,1000,1.008
172,1013,1000,1.013
173,1005,1000,1.005
174,1008,1000,1.008
175,1008,1000,1.008
176,1009,1000,1.009
177,1011,1000,1.011
178,1010,1000,1.01
179,1003,1000,1.003
180,1005,1000,1.005
181,1005,1000,1.005
182,1006,1000,1.006
183,1004,1000,1.004
184,1004,1000,1.004
185,1007,1000,1.007
186,1007,1000,1.007
187,1006,1000,1.006
188,1004,1000,1.004
189,1007,1000,1.007
190,1004,1000,1.004
191,1006,1000,1.006
192,1005,1000,1.005
193,1007,1000,1.007
194,1007,1000,1.007
195,1005,1000,1.005
196,1006,1000,1.006
197,1006,1000,1.006
198,1004,1000,1.004
199,1007,1000,1.007
200,1007,1000,1.007
201,1010,1000,1.01
202,1006,1000,1.006
203,1009,1000,1.009
204,1005,1000,1.005
205,1002,1000,1.002
206,1006,1000,1.006
207,1005,1000,1.005
208,1007,1000,1.007
209,1004,1000,1.004
210,1004,1000,1.004
211,1006,1000,1.006
212,1006,1000,1.006
213,1008,1000,1.008
214,1009,1000,1.009
215,1004,1000,1.004
216,1016,1000,1.016
217,1009,1000,1.009
218,1007,1000,1.007
219,1008,1000,1.008
220,1013,1000,1.013
221,1008,1000,1.008
222,1005,1000,1.005
223,1006,1000,1.006
224,1020,1000,1.02
225,1007,1000,1.007
226,1005,1000,1.005
227,1004,1000,1.004
228,1006,1000,1.006
229,1004,1000,1.004
230,1005,1000,1.005
231,1006,1000,1.006
232,1006,1000,1.006
233,1006,1000,1.006
234,1003,1000,1.003
235,1006,1000,1.006
236,1006,1000,1.006
237,1008,1000,1.008
238,1004,1000,1.004
239,1006,1000,1.006
240,1008,1000,1.008
241,1005,1000,1.005
242,1007,1000,1.007
243,1007,1000,1.007
244,1005,1000,1.005
245,1006,1000,1.006
246,1003,1000,1.003
247,1006,1000,1.006
248,1008,1000,1.008
249,1006,1000,1.006
250,1005,1000,1.005
251,1006,1000,1.006
252,1008,1000,1.008
253,1008,1000,1.008
254,1008,1000,1.008
255,1013,1000,1.013
256,1010,1000,1.01
257,1008,1000,1.008
258,1010,1000,1.01
259,1003,1000,1.003
260,1008,1000,1.008
261,1006,1000,1.006
262,1006,1000,1.006
263,1005,1000,1.005
264,1012,1000,1.012
265,1007,1000,1.007
266,1005,1000,1.005
267,1009,1000,1.009
268,1003,1000,1.003
269,1006,1000,1.006
270,1004,1000,1.004
271,1019,1000,1.019
272,1009,1000,1.009
273,1007,1000,1.007
274,1005,1000,1.005
275,1007,1000,1.007
276,1006,1000,1.006
277,1015,1000,1.015
278,1005,1000,1.005
279,1005,1000,1.005
280,1005,1000,1.005
281,1009,1000,1.009
282,1008,1000,1.008
283,1002,1000,1.002
284,1005,1000,1.005
285,1007,1000,1.007
286,1003,1000,1.003
287,1008,1000,1.008
288,1004,1000,1.004
289,1006,1000,1.006
290,1010,1000,1.01
291,1004,1000,1.004
292,1005,1000,1.005
293,1004,1000,1.004
294,1007,1000,1.007
295,1004,1000,1.004
296,1004,1000,1.004
297,1034,1000,1.034
298,1006,1000,1.006
299,1010,1000,1.01
300,1003,1000,1.003
301,1005,1000,1.005
302,1006,1000,1.006
303,1009,1000,1.009
304,1008,1000,1.008
305,1004,1000,1.004
306,1005,1000,1.005
307,1011,1000,1.011
308,1008,1000,1.008
309,1009,1000,1.009
310,1010,1000,1.01
311,1005,1000,1.005
312,1009,1000,1.009
313,1008,1000,1.008
314,1006,1000,1.006
315,1009,1000,1.009
316,1004,1000,1.004
317,1004,1000,1.004
318,1005,1000,1.005
319,1004,1000,1.004
320,1004,1000,1.004
321,1009,1000,1.009
322,1009,1000,1.009
323,1005,1000,1.005
324,1009,1000,1.009
325,1008,1000,1.008
326,1012,1000,1.012
327,1010,1000,1.01
328,1005,1000,1.005
329,1009,1000,1.009
330,1004,1000,1.004
331,1007,1000,1.007
332,1006,1000,1.006
333,1005,1000,1.005
334,1008,1000,1.008
335,1008,1000,1.008
336,1003,1000,1.003
337,1006,1000,1.006
338,1006,1000,1.006
339,1006,1000,1.006
340,1006,1000,1.006
341,1003,1000,1.003
342,1005,1000,1.005
343,1004,1000,1.004
344,1008,1000,1.008
345,1005,1000,1.005
346,1003,1000,1.003
347,1018,1000,1.018
348,1004,1000,1.004
349,1006,1000,1.006
350,1004,1000,1.004
351,1007,1000,1.007
352,1005,1000,1.005
353,1005,1000,1.005
354,1006,1000,1.006
355,1006,1000,1.006
356,1005,1000,1.005
357,1008,1000,1.008
358,1007,1000,1.007
359,1006,1000,1.006
360,1006,1000,1.006
361,1011,1000,1.011
362,1009,1000,1.009
363,1007,1000,1.007
364,1005,1000,1.005
365,1009,1000,1.009
366,1006,1000,1.006
367,1005,1000,1.005
368,1005,1000,1.005
369,1006,1000,1.006
370,1006,1000,1.006
371,1005,1000,1.005
372,1010,1000,1.01
373,1010,1000,1.01
374,1006,1000,1.006
375,1007,1000,1.007
376,1005,1000,1.005
377,1009,1000,1.009
378,1003,1000,1.003
379,1007,1000,1.007
380,1007,1000,1.007
381,1007,1000,1.007
382,1005,1000,1.005
383,1005,1000,1.005
384,1010,1000,1.01
385,1008,1000,1.008
386,1008,1000,1.008
387,1006,1000,1.006
388,1011,1000,1.011
389,1006,1000,1.006
390,1012,1000,1.012
391,1003,1000,1.003
392,1003,1000,1.003
393,1006,1000,1.006
394,1006,1000,1.006
395,1005,1000,1.005
396,1006,1000,1.006
397,1005,1000,1.005
398,1011,1000,1.011
399,1006,1000,1.006
400,1008,1000,1.008
401,1007,1000,1.007
402,1008,1000,1.008
403,1007,1000,1.007
404,1004,1000,1.004
405,1009,1000,1.009
406,1005,1000,1.005
407,1004,1000,1.004
408,1009,1000,1.009
409,1005,1000,1.005
410,1004,1000,1.004
411,1006,1000,1.006
412,1012,1000,1.012
413,1008,1000,1.008
414,1013,1000,1.013
415,1007,1000,1.007
416,1007,1000,1.007
417,1007,1000,1.007
418,1006,1000,1.006
419,1006,1000,1.006
420,1006,1000,1.006
421,1005,1000,1.005
422,1008,1000,1.008
423,1007,1000,1.007
424,1005,1000,1.005
425,1007,1000,1.007
426,1005,1000,1.005
427,1004,1000,1.004
428,1006,1000,1.006
429,1005,1000,1.005
430,1006,1000,1.006
431,1008,1000,1.008
432,1008,1000,1.008
433,1006,1000,1.006
434,1007,1000,1.007
435,1008,1000,1.008
436,1004,1000,1.004
437,1004,1000,1.004
438,1006,1000,1.006
439,1007,1000,1.007
440,1013,1000,1.013
441,1006,1000,1.006
442,1007,1000,1.007
443,1007,1000,1.007
444,1006,1000,1.006
445,1008,1000,1.008
446,1008,1000,1.008
447,1005,1000,1.005
448,1004,1000,1.004
449,1004,1000,1.004
450,1006,1000,1.006
451,1011,1000,1.011
452,1006,1000,1.006
453,1007,1000,1.007
454,1007,1000,1.007
455,1015,1000,1.015
456,1007,1000,1.007
457,1005,1000,1.005
458,1005,1000,1.005
459,1006,1000,1.006
460,1005,1000,1.005
461,1008,1000,1.008
462,1005,1000,1.005
463,1003,1000,1.003
464,1008,1000,1.008
465,1006,1000,1.006
466,1007,1000,1.007
467,1005,1000,1.005
468,1009,1000,1.009
469,1004,1000,1.004
470,1005,1000,1.005
471,1005,1000,1.005
472,1007,1000,1.007
473,1010,1000,1.01
474,1003,1000,1.003
475,1005,1000,1.005
476,1010,1000,1.01
477,1004,1000,1.004
478,1002,1000,1.002
479,1010,1000,1.01
480,1007,1000,1.007
481,1006,1000,1.006
482,1007,1000,1.007
483,1007,1000,1.007
484,1007,1000,1.007
485,1006,1000,1.006
486,1007,1000,1.007
487,1007,1000,1.007
488,1009,1000,1.009
489,1004,1000,1.004
490,1006,1000,1.006
491,1007,1000,1.007
492,1005,1000,1.005
493,1006,1000,1.006
494,1009,1000,1.009
495,1004,1000,1.004
496,1015,1000,1.015
497,1006,1000,1.006
498,1006,1000,1.006
499,1012,1000,1.012
500,1007,1000,1.007
501,1006,1000,1.006
502,1006,1000,1.006
503,1009,1000,1.009
504,1006,1000,1.006
505,1006,1000,1.006
506,1004,1000,1.004
507,1004,1000,1.004
508,1008,1000,1.008
509,1011,1000,1.011
510,1013,1000,1.013
511,1013,1000,1.013
512,1008,1000,1.008
513,1006,1000,1.006
514,1009,1000,1.009
515,1005,1000,1.005
516,1004,1000,1.004
517,1012,1000,1.012
518,1008,1000,1.008
519,1009,1000,1.009
520,1006,1000,1.006
521,1003,1000,1.003
522,1006,1000,1.006
523,1011,1000,1.011
524,1004,1000,1.004
525,1005,1000,1.005
526,1006,1000,1.006
527,1007,1000,1.007
528,1003,1000,1.003
529,1005,1000,1.005
530,1005,1000,1.005
531,1008,1000,1.008
532,1018,1000,1.018
533,1009,1000,1.009
534,1004,1000,1.004
535,1010,1000,1.01
536,1009,1000,1.009
537,1005,1000,1.005
538,1005,1000,1.005
539,1006,1000,1.006
540,1004,1000,1.004
541,1005,1000,1.005
542,1012,1000,1.012
543,1005,1000,1.005
544,1006,1000,1.006
545,1010,1000,1.01
546,1015,1000,1.015
547,1006,1000,1.006
548,1012,1000,1.012
549,1012,1000,1.012
550,1007,1000,1.007
551,1009,1000,1.009
552,1010,1000,1.01
553,1005,1000,1.005
554,1004,1000,1.004
555,1010,1000,1.01
556,1008,1000,1.008
557,1008,1000,1.008
558,1008,1000,1.008
559,1007,1000,1.007
560,1006,1000,1.006
561,1008,1000,1.008
562,1004,1000,1.004
563,1004,1000,1.004
564,1003,1000,1.003
565,1002,1000,1.002
566,1004,1000,1.004
567,1004,1000,1.004
568,1006,1000,1.006
569,1007,1000,1.007
570,1004,1000,1.004
571,1009,1000,1.009
572,1006,1000,1.006
573,1005,1000,1.005
574,1005,1000,1.005
575,1004,1000,1.004
576,1010,1000,1.01
577,1007,1000,1.007
578,1005,1000,1.005
579,1005,1000,1.005
580,1006,1000,1.006
581,1005,1000,1.005
582,1007,1000,1.007
583,1007,1000,1.007
584,1006,1000,1.006
585,1007,1000,1.007
586,1005,1000,1.005
587,1006,1000,1.006
588,1008,1000,1.008
589,1007,1000,1.007
590,1005,1000,1.005
591,1008,1000,1.008
592,1008,1000,1.008
593,1006,1000,1.006
594,1002,1000,1.002
595,1008,1000,1.008
596,1009,1000,1.009
597,1006,1000,1.006
598,1007,1000,1.007
599,1004,1000,1.004
600,1006,1000,1.006
601,1005,1000,1.005
602,1013,1000,1.013
603,1007,1000,1.007
604,1006,1000,1.006
605,1005,1000,1.005
606,1007,1000,1.007
607,1006,1000,1.006
608,1008,1000,1.008
609,1011,1000,1.011
610,1008,1000,1.008
611,1002,1000,1.002
612,1007,1000,1.007
613,1004,1000,1.004
614,1008,1000,1.008
615,1005,1000,1.005
616,1006,1000,1.006
617,1005,1000,1.005
618,1010,1000,1.01
619,1008,1000,1.008
620,1005,1000,1.005
621,1006,1000,1.006
622,1007,1000,1.007
623,1004,1000,1.004
624,1011,1000,1.011
625,1006,1000,1.006
626,1007,1000,1.007
627,1005,1000,1.005
628,1004,1000,1.004
629,1005,1000,1.005
630,1005,1000,1.005
631,1011,1000,1.011
632,1004,1000,1.004
633,1010,1000,1.01
634,1005,1000,1.005
635,1012,1000,1.012
636,1006,1000,1.006
637,1009,1000,1.009
638,1003,1000,1.003
639,1006,1000,1.006
640,1007,1000,1.007
641,1007,1000,1.007
642,1008,1000,1.008
643,1007,1000,1.007
644,1016,1000,1.016
645,1003,1000,1.003
646,1006,1000,1.006
647,1002,1000,1.002
648,1003,1000,1.003
649,1006,1000,1.006
650,1006,1000,1.006
651,1007,1000,1.007
652,1008,1000,1.008
653,1005,1000,1.005
654,1005,1000,1.005
655,1005,1000,1.005
656,1009,1000,1.009
657,1007,1000,1.007
658,1005,1000,1.005
659,1007,1000,1.007
660,1009,1000,1.009
661,1010,1000,1.01
662,1006,1000,1.006
663,1004,1000,1.004
664,1009,1000,1.009
665,1004,1000,1.004
666,1003,1000,1.003
667,1008,1000,1.008
668,1006,1000,1.006
669,1006,1000,1.006
670,1011,1000,1.011
671,1005,1000,1.005
672,1007,1000,1.007
673,1006,1000,1.006
674,1006,1000,1.006
675,1004,1000,1.004
676,1005,1000,1.005
677,1010,1000,1.01
678,1007,1000,1.007
679,1018,1000,1.018
680,1012,1000,1.012
681,1009,1000,1.009
682,1005,1000,1.005
683,1006,1000,1.006
684,1011,1000,1.011
685,1005,1000,1.005
686,1005,1000,1.005
687,1004,1000,1.004
688,1011,1000,1.011
689,1007,1000,1.007
690,1006,1000,1.006
691,1005,1000,1.005
692,1009,1000,1.009
693,1009,1000,1.009
694,1009,1000,1.009
695,1007,1000,1.007
696,1006,1000,1.006
697,1004,1000,1.004
698,1006,1000,1.006
699,1005,1000,1.005
700,1009,1000,1.009
701,1007,1000,1.007
702,1004,1000,1.004
703,1005,1000,1.005
704,1004,1000,1.004
705,1004,1000,1.004
706,1006,1000,1.006
707,1009,1000,1.009
708,1011,1000,1.011
709,1008,1000,1.008
710,1003,1000,1.003
711,1006,1000,1.006
712,1013,1000,1.013
713,1005,1000,1.005
714,1005,1000,1.005
715,1006,1000,1.006
716,1006,1000,1.006
717,1008,1000,1.008
718,1010,1000,1.01
719,1006,1000,1.006
720,1004,1000,1.004
721,1006,1000,1.006
722,1005,1000,1.005
723,1008,1000,1.008
724,1006,1000,1.006
725,1005,1000,1.005
726,1007,1000,1.007
727,1004,1000,1.004
728,1007,1000,1.007
729,1007,1000,1.007
730,1008,1000,1.008
731,1009,1000,1.009
732,1006,1000,1.006
733,1012,1000,1.012
734,1003,1000,1.003
735,1005,1000,1.005
736,1006,1000,1.006
737,1009,1000,1.009
738,1007,1000,1.007
739,1007,1000,1.007
740,1010,1000,1.01
741,1005,1000,1.005
742,1006,1000,1.006
743,1008,1000,1.008
744,1007,1000,1.007
745,1008,1000,1.008
746,1006,1000,1.006
747,1004,1000,1.004
748,1006,1000,1.006
749,1012,1000,1.012
750,1003,1000,1.003
751,1006,1000,1.006
752,1008,1000,1.008
753,1006,1000,1.006
754,1009,1000,1.009
755,1005,1000,1.005
756,1005,1000,1.005
757,1007,1000,1.007
758,1007,1000,1.007
759,1007,1000,1.007
760,1002,1000,1.002
761,1006,1000,1.006
762,1007,1000,1.007
763,1008,1000,1.008
764,1009,1000,1.009
765,1008,1000,1.008
766,1005,1000,1.005
767,1005,1000,1.005
768,1004,1000,1.004
769,1015,1000,1.015
770,1004,1000,1.004
771,1013,1000,1.013
772,1003,1000,1.003
773,1010,1000,1.01
774,1006,1000,1.006
775,1009,1000,1.009
776,1005,1000,1.005
777,1004,1000,1.004
778,1008,1000,1.008
779,1006,1000,1.006
780,1014,1000,1.014
781,1006,1000,1.006
782,1009,1000,1.009
783,1007,1000,1.007
784,1006,1000,1.006
785,1004,1000,1.004
786,1006,1000,1.006
787,1005,1000,1.005
788,1006,1000,1.006
789,1004,1000,1.004
790,1008,1000,1.008
791,1004,1000,1.004
792,1006,1000,1.006
793,1006,1000,1.006
794,1007,1000,1.007
795,1005,1000,1.005
796,1005,1000,1.005
797,1006,1000,1.006
798,1007,1000,1.007
799,1005,1000,1.005
800,1005,1000,1.005
801,1005,1000,1.005
802,1004,1000,1.004
803,1005,1000,1.005
804,1008,1000,1.008
805,1003,1000,1.003
806,1006,1000,1.006
807,1004,1000,1.004
808,1006,1000,1.006
809,1005,1000,1.005
810,1007,1000,1.007
811,1004,1000,1.004
812,1007,1000,1.007
813,1007,1000,1.007
814,1006,1000,1.006
815,1008,1000,1.008
816,1007,1000,1.007
817,1005,1000,1.005
818,1006,1000,1.006
819,1007,1000,1.007
820,1005,1000,1.005
821,1008,1000,1.008
822,1017,1000,1.017
823,1007,1000,1.007
824,1009,1000,1.009
825,1005,1000,1.005
826,1006,1000,1.006
827,1008,1000,1.008
828,1003,1000,1.003
829,1006,1000,1.006
830,1009,1000,1.009
831,1008,1000,1.008
832,1010,1000,1.01
833,1007,1000,1.007
834,1005,1000,1.005
835,1014,1000,1.014
836,1006,1000,1.006
837,1008,1000,1.008
838,1008,1000,1.008
839,1008,1000,1.008
840,1005,1000,1.005
841,1007,1000,1.007
842,1007,1000,1.007
843,1005,1000,1.005
844,1021,1000,1.021
845,1006,1000,1.006
846,1007,1000,1.007
847,1008,1000,1.008
848,1007,1000,1.007
849,1007,1000,1.007
850,1010,1000,1.01
851,1006,1000,1.006
852,1011,1000,1.011
853,1010,1000,1.01
854,1005,1000,1.005
855,1008,1000,1.008
856,1005,1000,1.005
857,1003,1000,1.003
858,1003,1000,1.003
859,1027,1000,1.027
860,1009,1000,1.009
861,1006,1000,1.006
862,1002,1000,1.002
863,1008,1000,1.008
864,1007,1000,1.007
865,1010,1000,1.01
866,1012,1000,1.012
867,1006,1000,1.006
868,1006,1000,1.006
869,1012,1000,1.012
870,1007,1000,1.007
871,1005,1000,1.005
872,1003,1000,1.003
873,1006,1000,1.006
874,1006,1000,1.006
875,1010,1000,1.01
876,1008,1000,1.008
877,1010,1000,1.01
878,1007,1000,1.007
879,1005,1000,1.005
880,1006,1000,1.006
881,1006,1000,1.006
882,1008,1000,1.008
883,1008,1000,1.008
884,1005,1000,1.005
885,1006,1000,1.006
886,1007,1000,1.007
887,1009,1000,1.009
888,1006,1000,1.006
889,1007,1000,1.007
890,1005,1000,1.005
891,1007,1000,1.007
892,1006,1000,1.006
893,1005,1000,1.005
894,1009,1000,1.009
895,1005,1000,1.005
896,1006,1000,1.006
897,1010,1000,1.01
898,1005,1000,1.005
899,1007,1000,1.007
900,1004,1000,1.004
901,1005,1000,1.005
902,1007,1000,1.007
903,1011,1000,1.011
904,1010,1000,1.01
905,1005,1000,1.005
906,1006,1000,1.006
907,1005,1000,1.005
908,1006,1000,1.006
909,1008,1000,1.008
910,1007,1000,1.007
911,1005,1000,1.005
912,1005,1000,1.005
913,1003,1000,1.003
914,1004,1000,1.004
915,1009,1000,1.009
916,1006,1000,1.006
917,1002,1000,1.002
918,1005,1000,1.005
919,1006,1000,1.006
920,1007,1000,1.007
921,1016,1000,1.016
922,1006,1000,1.006
923,1002,1000,1.002
924,1008,1000,1.008
925,1005,1000,1.005
926,1004,1000,1.004
927,1006,1000,1.006
928,1009,1000,1.009
929,1008,1000,1.008
930,1004,1000,1.004
931,1008,1000,1.008
932,1004,1000,1.004
933,1005,1000,1.005
934,1006,1000,1.006
935,1008,1000,1.008
936,1005,1000,1.005
937,1007,1000,1.007
938,1003,1000,1.003
939,1005,1000,1.005
940,1004,1000,1.004
941,1004,1000,1.004
942,1006,1000,1.006
943,1007,1000,1.007
944,1010,1000,1.01
945,1008,1000,1.008
946,1006,1000,1.006
947,1010,1000,1.01
948,1008,1000,1.008
949,1005,1000,1.005
950,1006,1000,1.006
951,1004,1000,1.004
952,1006,1000,1.006
953,1007,1000,1.007
954,1004,1000,1.004
955,1004,1000,1.004
956,1007,1000,1.007
957,1003,1000,1.003
958,1005,1000,1.005
959,1011,1000,1.011
960,1005,1000,1.005
961,1014,1000,1.014
962,1002,1000,1.002
963,1007,1000,1.007
964,1006,1000,1.006
965,1005,1000,1.005
966,1006,1000,1.006
967,1005,1000,1.005
968,1005,1000,1.005
969,1007,1000,1.007
970,1006,1000,1.006
971,1009,1000,1.009
972,1003,1000,1.003
973,1008,1000,1.008
974,1005,1000,1.005
975,1005,1000,1.005
976,1007,1000,1.007
977,1017,1000,1.017
978,1005,1000,1.005
979,1004,1000,1.004
980,1004,1000,1.004
981,1004,1000,1.004
982,1007,1000,1.007
983,1004,1000,1.004
984,1007,1000,1.007
985,1008,1000,1.008
986,1003,1000,1.003
987,1009,1000,1.009
988,1005,1000,1.005
989,1007,1000,1.007
990,1005,1000,1.005
991,1005,1000,1.005
992,1012,1000,1.012
993,1006,1000,1.006
994,1005,1000,1.005
995,1004,1000,1.004
996,1003,1000,1.003
997,1007,1000,1.007
998,1007,1000,1.007
999,1006,1000,1.006
1000,1003,1000,1.003
1001,1005,1000,1.005
1002,1003,1000,1.003
1003,1004,1000,1.004
1004,1009,1000,1.009
1005,1005,1000,1.005
1006,1007,1000,1.007
1007,1006,1000,1.006
1008,1006,1000,1.006
1009,1006,1000,1.006
1010,1005,1000,1.005
1011,1006,1000,1.006
1012,1005,1000,1.005
1013,1012,1000,1.012
1014,1005,1000,1.005
1015,1005,1000,1.005
1016,1004,1000,1.004
1017,1008,1000,1.008
1018,1009,1000,1.009
1019,1006,1000,1.006
1020,1004,1000,1.004
1021,1004,1000,1.004
1022,1006,1000,1.006
1023,1008,1000,1.008
1024,1006,1000,1.006
1025,1005,1000,1.005
1026,1004,1000,1.004
1027,1014,1000,1.014
1028,1007,1000,1.007
1029,1005,1000,1.005
1030,1069,1000,1.069
1031,1006,1000,1.006
1032,1006,1000,1.006
1033,1007,1000,1.007
1034,1005,1000,1.005
1035,1004,1000,1.004
1036,1005,1000,1.005
1037,1006,1000,1.006
1038,1006,1000,1.006
1039,1008,1000,1.008
1040,1004,1000,1.004
1041,1006,1000,1.006
1042,1004,1000,1.004
1043,1006,1000,1.006
1044,1004,1000,1.004
1045,1010,1000,1.01
1046,1007,1000,1.007
1047,1004,1000,1.004
1048,1007,1000,1.007
1049,1009,1000,1.009
1050,1003,1000,1.003
1051,1008,1000,1.008
1052,1007,1000,1.007
1053,1005,1000,1.005
1054,1004,1000,1.004
1055,1004,1000,1.004
1056,1010,1000,1.01
1057,1004,1000,1.004
1058,1008,1000,1.008
1059,1005,1000,1.005
1060,1005,1000,1.005
1061,1006,1000,1.006
1062,1008,1000,1.008
1063,1006,1000,1.006
1064,1006,1000,1.006
1065,1015,1000,1.015
1066,1012,1000,1.012
1067,1006,1000,1.006
1068,1003,1000,1.003
1069,1007,1000,1.007
1070,1015,1000,1.015
1071,1006,1000,1.006
1072,1006,1000,1.006
1073,1005,1000,1.005
1074,1009,1000,1.009
1075,1005,1000,1.005
1076,1006,1000,1.006
1077,1005,1000,1.005
1078,1008,1000,1.008
1079,1006,1000,1.006
1080,1012,1000,1.012
1081,1004,1000,1.004
1082,1005,1000,1.005
1083,1007,1000,1.007
1084,1010,1000,1.01
1085,1006,1000,1.006
1086,1006,1000,1.006
1087,1005,1000,1.005
1088,1006,1000,1.006
1089,1004,1000,1.004
1090,1005,1000,1.005
1091,1006,1000,1.006
1092,1004,1000,1.004
1093,1007,1000,1.007
1094,1009,1000,1.009
1095,1010,1000,1.01
1096,1005,1000,1.005
1097,1004,1000,1.004
1098,1005,1000,1.005
1099,1009,1000,1.009
1100,1009,1000,1.009
1101,1006,1000,1.006
1102,1003,1000,1.003
1103,1005,1000,1.005
1104,1009,1000,1.009
1105,1007,1000,1.007
1106,1012,1000,1.012
1107,1010,1000,1.01
1108,1009,1000,1.009
1109,1006,1000,1.006
1110,1007,1000,1.007
1111,1005,1000,1.005
1112,1008,1000,1.008
1113,1005,1000,1.005
1114,1008,1000,1.008
1115,1008,1000,1.008
1116,1008,1000,1.008
1117,1014,1000,1.014
1118,1007,1000,1.007
1119,1005,1000,1.005
1120,1008,1000,1.008
1121,1011,1000,1.011
1122,1005,1000,1.005
1123,1014,1000,1.014
1124,1007,1000,1.007
1125,1007,1000,1.007
1126,1007,1000,1.007
1127,1006,1000,1.006
1128,1006,1000,1.006
1129,1015,1000,1.015
1130,1007,1000,1.007
1131,1009,1000,1.009
1132,1003,1000,1.003
1133,1003,1000,1.003
1134,1006,1000,1.006
1135,1006,1000,1.006
1136,1009,1000,1.009
1137,1007,1000,1.007
1138,1007,1000,1.007
1139,1006,1000,1.006
1140,1010,1000,1.01
1141,1004,1000,1.004
1142,1012,1000,1.012
1143,1005,1000,1.005
1144,1009,1000,1.009
1145,1009,1000,1.009
1146,1009,1000,1.009
1147,1007,1000,1.007
1148,1004,1000,1.004
1149,1004,1000,1.004
1150,1003,1000,1.003
1151,1005,1000,1.005
1152,1007,1000,1.007
1153,1009,1000,1.009
1154,1010,1000,1.01
1155,1004,1000,1.004
1156,1004,1000,1.004
1157,1004,1000,1.004
1158,1007,1000,1.007
1159,1008,1000,1.008
1160,1012,1000,1.012
1161,1010,1000,1.01
1162,1007,1000,1.007
1163,1005,1000,1.005
1164,1008,1000,1.008
1165,1024,1000,1.024
1166,1006,1000,1.006
1167,1011,1000,1.011
1168,1007,1000,1.007
1169,1003,1000,1.003
1170,1004,1000,1.004
1171,1009,1000,1.009
1172,1007,1000,1.007
1173,1004,1000,1.004
1174,1010,1000,1.01
1175,1004,1000,1.004
1176,1010,1000,1.01
1177,1008,1000,1.008
1178,1009,1000,1.009
1179,1005,1000,1.005
1180,1006,1000,1.006
1181,1005,1000,1.005
1182,1010,1000,1.01
1183,1004,1000,1.004
1184,1004,1000,1.004
1185,1016,1000,1.016
1186,1008,1000,1.008
1187,1006,1000,1.006
1188,1009,1000,1.009
1189,1006,1000,1.006
1190,1004,1000,1.004
1191,1009,1000,1.009
1192,1006,1000,1.006
1193,1006,1000,1.006
1194,1006,1000,1.006
1195,1009,1000,1.009
1196,1012,1000,1.012
1197,1007,1000,1.007
1198,1005,1000,1.005
1199,1005,1000,1.005
1200,1007,1000,1.007
1201,1004,1000,1.004
1202,1004,1000,1.004
1203,1010,1000,1.01
1204,1005,1000,1.005
1205,1007,1000,1.007
1206,1006,1000,1.006
1207,1003,1000,1.003
1208,1008,1000,1.008
1209,1010,1000,1.01
1210,1005,1000,1.005
1211,1013,1000,1.013
1212,1004,1000,1.004
1213,1006,1000,1.006
1214,1006,1000,1.006
1215,1006,1000,1.006
1216,1006,1000,1.006
1217,1009,1000,1.009
1218,1006,1000,1.006
1219,1011,1000,1.011
1220,1006,1000,1.006
1221,1005,1000,1.005
1222,1006,1000,1.006
1223,1004,1000,1.004
1224,1005,1000,1.005
1225,1008,1000,1.008
1226,1004,1000,1.004
1227,1006,1000,1.006
1228,1007,1000,1.007
1229,1005,1000,1.005
1230,1018,1000,1.018
1231,1015,1000,1.015
1232,1008,1000,1.008
1233,1004,1000,1.004
1234,1004,1000,1.004
1235,1004,1000,1.004
1236,1010,1000,1.01
1237,1005,1000,1.005
1238,1005,1000,1.005
1239,1013,1000,1.013
1240,1004,1000,1.004
1241,1004,1000,1.004
1242,1005,1000,1.005
1243,1010,1000,1.01
1244,1004,1000,1.004
1245,1004,1000,1.004
1246,1007,1000,1.007
1247,1005,1000,1.005
1248,1006,1000,1.006
1249,1012,1000,1.012
1250,1010,1000,1.01
1251,1007,1000,1.007
1252,1007,1000,1.007
1253,1006,1000,1.006
1254,1008,1000,1.008
1255,1008,1000,1.008
1256,1029,1000,1.029
1257,1003,1000,1.003
1258,1004,1000,1.004
1259,1011,1000,1.011
1260,1010,1000,1.01
1261,1006,1000,1.006
1262,1005,1000,1.005
1263,1007,1000,1.007
1264,1004,1000,1.004
1265,1007,1000,1.007
1266,1015,1000,1.015
1267,1004,1000,1.004
1268,1025,1000,1.025
1269,1005,1000,1.005
1270,1008,1000,1.008
1271,1010,1000,1.01
1272,1006,1000,1.006
1273,1006,1000,1.006
1274,1005,1000,1.005
1275,1008,1000,1.008
1276,1011,1000,1.011
1277,1009,1000,1.009
1278,1013,1000,1.013
1279,1006,1000,1.006
1280,1007,1000,1.007
1281,1007,1000,1.007
1282,1005,1000,1.005
1283,1010,1000,1.01
1284,1006,1000,1.006
1285,1013,1000,1.013
1286,1011,1000,1.011
1287,1004,1000,1.004
1288,1007,1000,1.007
1289,1006,1000,1.006
1290,1011,1000,1.011
1291,1010,1000,1.01
1292,1006,1000,1.006
1293,1007,1000,1.007
1294,1009,1000,1.009
1295,1006,1000,1.006
1296,1007,1000,1.007
1297,1009,1000,1.009
1298,1008,1000,1.008
1299,1006,1000,1.006
1300,1005,1000,1.005
1301,1003,1000,1.003
1302,1021,1000,1.021
1303,1005,1000,1.005
1304,1002,1000,1.002
1305,1007,1000,1.007
1306,1006,1000,1.006
1307,1006,1000,1.006
1308,1039,1000,1.039
1309,1006,1000,1.006
1310,1006,1000,1.006
1311,1006,1000,1.006
1312,1004,1000,1.004
1313,1006,1000,1.006
1314,1004,1000,1.004
1315,1006,1000,1.006
1316,1006,1000,1.006
1317,1006,1000,1.006
1318,1004,1000,1.004
1319,1006,1000,1.006
1320,1003,1000,1.003
1321,1004,1000,1.004
1322,1004,1000,1.004
1323,1003,1000,1.003
1324,1004,1000,1.004
1325,1005,1000,1.005
1326,1006,1000,1.006
1327,1007,1000,1.007
1328,1005,1000,1.005
1329,1008,1000,1.008
1330,1006,1000,1.006
1331,1005,1000,1.005
1332,1005,1000,1.005
1333,1004,1000,1.004
1334,1012,1000,1.012
1335,1004,1000,1.004
1336,1010,1000,1.01
1337,1004,1000,1.004
1338,1007,1000,1.007
1339,1010,1000,1.01
1340,1003,1000,1.003
1341,1007,1000,1.007
1342,1008,1000,1.008
1343,1005,1000,1.005
1344,1005,1000,1.005
1345,1005,1000,1.005
1346,1005,1000,1.005
1347,1006,1000,1.006
1348,1007,1000,1.007
1349,1007,1000,1.007
1350,1004,1000,1.004
1351,1006,1000,1.006
1352,1008,1000,1.008
1353,1007,1000,1.007
1354,1002,1000,1.002
1355,1007,1000,1.007
1356,1010,1000,1.01
1357,1006,1000,1.006
1358,1016,1000,1.016
1359,1005,1000,1.005
1360,1004,1000,1.004
1361,1014,1000,1.014
1362,1004,1000,1.004
1363,1006,1000,1.006
1364,1014,1000,1.014
1365,1007,1000,1.007
1366,1008,1000,1.008
1367,1004,1000,1.004
1368,1008,1000,1.008
1369,1005,1000,1.005
1370,1008,1000,1.008
1371,1006,1000,1.006
1372,1003,1000,1.003
1373,1004,1000,1.004
1374,1006,1000,1.006
1375,1005,1000,1.005
1376,1007,1000,1.007
1377,1010,1000,1.01
1378,1004,1000,1.004
1379,1007,1000,1.007
1380,1006,1000,1.006
1381,1004,1000,1.004
1382,1015,1000,1.015
1383,1004,1000,1.004
1384,1011,1000,1.011
1385,1012,1000,1.012
1386,1007,1000,1.007
1387,1005,1000,1.005
1388,1007,1000,1.007
1389,1004,1000,1.004
1390,1006,1000,1.006
1391,1006,1000,1.006
1392,1005,1000,1.005
1393,1008,1000,1.008
1394,1008,1000,1.008
1395,1007,1000,1.007
1396,1003,1000,1.003
1397,1008,1000,1.008
1398,1006,1000,1.006
1399,1006,1000,1.006
1400,1004,1000,1.004
1401,1003,1000,1.003
1402,1006,1000,1.006
1403,1009,1000,1.009
1404,1005,1000,1.005
1405,1006,1000,1.006
1406,1013,1000,1.013
1407,1007,1000,1.007
1408,1008,1000,1.008
1409,1003,1000,1.003
1410,1005,1000,1.005
1411,1010,1000,1.01
1412,1007,1000,1.007
1413,1009,1000,1.009
1414,1005,1000,1.005
1415,1008,1000,1.008
1416,1023,1000,1.023
1417,1003,1000,1.003
1418,1005,1000,1.005
1419,1005,1000,1.005
1420,1007,1000,1.007
1421,1007,1000,1.007
1422,1004,1000,1.004
1423,1004,1000,1.004
1424,1013,1000,1.013
1425,1012,1000,1.012
1426,1005,1000,1.005
1427,1011,1000,1.011
1428,1006,1000,1.006
1429,1006,1000,1.006
1430,1005,1000,1.005
1431,1005,1000,1.005
1432,1005,1000,1.005
1433,1005,1000,1.005
1434,1010,1000,1.01
1435,1006,1000,1.006
1436,1005,1000,1.005
1437,1008,1000,1.008
1438,1005,1000,1.005
1439,1007,1000,1.007
1440,1006,1000,1.006
1441,1013,1000,1.013
1442,1004,1000,1.004
1443,1005,1000,1.005
1444,1002,1000,1.002
1445,1003,1000,1.003
1446,1010,1000,1.01
1447,1003,1000,1.003
1448,1008,1000,1.008
1449,1011,1000,1.011
1450,1004,1000,1.004
1451,1003,1000,1.003
1452,1007,1000,1.007
1453,1005,1000,1.005
1454,1004,1000,1.004
1455,1007,1000,1.007
1456,1008,1000,1.008
1457,1009,1000,1.009
1458,1006,1000,1.006
1459,1007,1000,1.007
1460,1008,1000,1.008
1461,1008,1000,1.008
1462,1005,1000,1.005
1463,1026,1000,1.026
1464,1005,1000,1.005
1465,1011,1000,1.011
1466,1006,1000,1.006
1467,1010,1000,1.01
1468,1005,1000,1.005
1469,1009,1000,1.009
1470,1005,1000,1.005
1471,1007,1000,1.007
1472,1008,1000,1.008
1473,1004,1000,1.004
1474,1007,1000,1.007
1475,1010,1000,1.01
1476,1007,1000,1.007
1477,1006,1000,1.006
1478,1008,1000,1.008
1479,1003,1000,1.003
1480,1005,1000,1.005
1481,1005,1000,1.005
1482,1007,1000,1.007
1483,1007,1000,1.007
1484,1007,1000,1.007
1485,1009,1000,1.009
1486,1009,1000,1.009
1487,1008,1000,1.008
1488,1005,1000,1.005
1489,1006,1000,1.006
1490,1006,1000,1.006
1491,1003,1000,1.003
1492,1008,1000,1.008
1493,1005,1000,1.005
1494,1004,1000,1.004
1495,1005,1000,1.005
1496,1007,1000,1.007
1497,1004,1000,1.004
1498,1006,1000,1.006
1499,1009,1000,1.009
1500,1005,1000,1.005
1501,1007,1000,1.007
1502,1005,1000,1.005
1503,1004,1000,1.004
1504,1006,1000,1.006
1505,1008,1000,1.008
1506,1005,1000,1.005
1507,1005,1000,1.005
1508,1005,1000,1.005
1509,1003,1000,1.003
1510,1007,1000,1.007
1511,1012,1000,1.012
1512,1013,1000,1.013
1513,1004,1000,1.004
1514,1008,1000,1.008
1515,1010,1000,1.01
1516,1009,1000,1.009
1517,1007,1000,1.007
1518,1005,1000,1.005
1519,1006,1000,1.006
1520,1010,1000,1.01
1521,1008,1000,1.008
1522,1005,1000,1.005
1523,1005,1000,1.005
1524,1005,1000,1.005
1525,1004,1000,1.004
1526,1005,1000,1.005
1527,1006,1000,1.006
1528,1007,1000,1.007
1529,1005,1000,1.005
1530,1005,1000,1.005
1531,1005,1000,1.005
1532,1009,1000,1.009
1533,1004,1000,1.004
1534,1010,1000,1.01
1535,1010,1000,1.01
1536,1007,1000,1.007
1537,1006,1000,1.006
1538,1029,1000,1.029
1539,1003,1000,1.003
1540,1009,1000,1.009
1541,1012,1000,1.012
1542,1013,1000,1.013
1543,1006,1000,1.006
1544,1009,1000,1.009
1545,1007,1000,1.007
1546,1003,1000,1.003
1547,1007,1000,1.007
1548,1004,1000,1.004
1549,1003,1000,1.003
1550,1005,1000,1.005
1551,1006,1000,1.006
1552,1009,1000,1.009
1553,1006,1000,1.006
1554,1006,1000,1.006
1555,1010,1000,1.01
1556,1013,1000,1.013
1557,1003,1000,1.003
1558,1007,1000,1.007
1559,1006,1000,1.006
1560,1004,1000,1.004
1561,1006,1000,1.006
1562,1019,1000,1.019
1563,1005,1000,1.005
1564,1004,1000,1.004
1565,1008,1000,1.008
1566,1007,1000,1.007
1567,1006,1000,1.006
1568,1007,1000,1.007
1569,1005,1000,1.005
1570,1004,1000,1.004
1571,1006,1000,1.006
1572,1005,1000,1.005
1573,1005,1000,1.005
1574,1006,1000,1.006
1575,1004,1000,1.004
1576,1007,1000,1.007
1577,1004,1000,1.004
1578,1005,1000,1.005
1579,1022,1000,1.022
1580,1007,1000,1.007
1581,1005,1000,1.005
1582,1009,1000,1.009
1583,1005,1000,1.005
1584,1003,1000,1.003
1585,1008,1000,1.008
1586,1010,1000,1.01
1587,1005,1000,1.005
1588,1007,1000,1.007
1589,1009,1000,1.009
1590,1009,1000,1.009
1591,1007,1000,1.007
1592,1011,1000,1.011
1593,1004,1000,1.004
1594,1006,1000,1.006
1595,1004,1000,1.004
1596,1004,1000,1.004
1597,1002,1000,1.002
1598,1006,1000,1.006
1599,1008,1000,1.008
1600,1005,1000,1.005
1601,1006,1000,1.006
1602,1005,1000,1.005
1603,1005,1000,1.005
1604,1008,1000,1.008
1605,1011,1000,1.011
1606,1010,1000,1.01
1607,1005,1000,1.005
1608,1006,1000,1.006
1609,1011,1000,1.011
1610,1006,1000,1.006
1611,1009,1000,1.009
1612,1005,1000,1.005
1613,1006,1000,1.006
1614,1007,1000,1.007
1615,1007,1000,1.007
1616,1011,1000,1.011
1617,1008,1000,1.008
1618,1008,1000,1.008
1619,1011,1000,1.011
1620,1005,1000,1.005
1621,1006,1000,1.006
1622,1006,1000,1.006
1623,1004,1000,1.004
1624,1007,1000,1.007
1625,1005,1000,1.005
1626,1008,1000,1.008
1627,1009,1000,1.009
1628,1008,1000,1.008
1629,1005,1000,1.005
1630,1005,1000,1.005
1631,1008,1000,1.008
1632,1004,1000,1.004
1633,1003,1000,1.003
1634,1007,1000,1.007
1635,1011,1000,1.011
1636,1018,1000,1.018
1637,1006,1000,1.006
1638,1006,1000,1.006
1639,1008,1000,1.008
1640,1007,1000,1.007
1641,1007,1000,1.007
1642,1009,1000,1.009
1643,1008,1000,1.008
1644,1008,1000,1.008
1645,1006,1000,1.006
1646,1005,1000,1.005
1647,1005,1000,1.005
1648,1008,1000,1.008
1649,1004,1000,1.004
1650,1012,1000,1.012
1651,1007,1000,1.007
1652,1007,1000,1.007
1653,1010,1000,1.01
1654,1008,1000,1.008
1655,1004,1000,1.004
1656,1008,1000,1.008
1657,1007,1000,1.007
1658,1005,1000,1.005
1659,1005,1000,1.005
1660,1007,1000,1.007
1661,1009,1000,1.009
1662,1008,1000,1.008
1663,1006,1000,1.006
1664,1003,1000,1.003
1665,1005,1000,1.005
1666,1006,1000,1.006
1667,1005,1000,1.005
1668,1006,1000,1.006
1669,1005,1000,1.005
1670,1007,1000,1.007
1671,1005,1000,1.005
1672,1005,1000,1.005
1673,1007,1000,1.007
1674,1005,1000,1.005
1675,1004,1000,1.004
1676,1012,1000,1.012
1677,1004,1000,1.004
1678,1005,1000,1.005
1679,1009,1000,1.009
1680,1005,1000,1.005
1681,1006,1000,1.006
1682,1009,1000,1.009
1683,1012,1000,1.012
1684,1005,1000,1.005
1685,1005,1000,1.005
1686,1006,1000,1.006
1687,1007,1000,1.007
1688,1004,1000,1.004
1689,1010,1000,1.01
1690,1010,1000,1.01
1691,1006,1000,1.006
1692,1005,1000,1.005
1693,1009,1000,1.009
1694,1009,1000,1.009
1695,1006,1000,1.006
1696,1006,1000,1.006
1697,1006,1000,1.006
1698,1004,1000,1.004
1699,1007,1000,1.007
1700,1005,1000,1.005
1701,1004,1000,1.004
1702,1015,1000,1.015
1703,1009,1000,1.009
1704,1008,1000,1.008
1705,1009,1000,1.009
1706,1011,1000,1.011
1707,1007,1000,1.007
1708,1005,1000,1.005
1709,1006,1000,1.006
1710,1006,1000,1.006
1711,1006,1000,1.006
1712,1015,1000,1.015
1713,1010,1000,1.01
1714,1009,1000,1.009
1715,1009,1000,1.009
1716,1008,1000,1.008
1717,1005,1000,1.005
1718,1004,1000,1.004
1719,1004,1000,1.004
1720,1009,1000,1.009
1721,1010,1000,1.01
1722,1005,1000,1.005
1723,1008,1000,1.008
1724,1007,1000,1.007
1725,1003,1000,1.003
1726,1002,1000,1.002
1727,1005,1000,1.005
1728,1008,1000,1.008
1729,1005,1000,1.005
1730,1004,1000,1.004
1731,1008,1000,1.008
1732,1008,1000,1.008
1733,1003,1000,1.003
1734,1009,1000,1.009
1735,1007,1000,1.007
1736,1005,1000,1.005
1737,1005,1000,1.005
1738,1002,1000,1.002
1739,1009,1000,1.009
1740,1006,1000,1.006
1741,1006,1000,1.006
1742,1005,1000,1.005
1743,1012,1000,1.012
1744,1006,1000,1.006
1745,1004,1000,1.004
1746,1005,1000,1.005
1747,1004,1000,1.004
1748,1007,1000,1.007
1749,1008,1000,1.008
1750,1004,1000,1.004
1751,1004,1000,1.004
1752,1006,1000,1.006
1753,1007,1000,1.007
1754,1008,1000,1.008
1755,1006,1000,1.006
1756,1005,1000,1.005
1757,1007,1000,1.007
1758,1009,1000,1.009
1759,1009,1000,1.009
1760,1005,1000,1.005
1761,1010,1000,1.01
1762,1008,1000,1.008
1763,1006,1000,1.006
1764,1007,1000,1.007
1765,1004,1000,1.004
1766,1005,1000,1.005
1767,1006,1000,1.006
1768,1006,1000,1.006
1769,1006,1000,1.006
1770,1002,1000,1.002
1771,1013,1000,1.013
1772,1013,1000,1.013
1773,1004,1000,1.004
1774,1006,1000,1.006
1775,1006,1000,1.006
1776,1007,1000,1.007
1777,1005,1000,1.005
1778,1017,1000,1.017
1779,1004,1000,1.004
1780,1008,1000,1.008
1781,1006,1000,1.006
1782,1006,1000,1.006
1783,1003,1000,1.003
1784,1004,1000,1.004
1785,1003,1000,1.003
1786,1010,1000,1.01
1787,1003,1000,1.003
1788,1027,1000,1.027
1789,1006,1000,1.006
1790,1009,1000,1.009
1791,1008,1000,1.008
1792,1006,1000,1.006
1793,1009,1000,1.009
1794,1005,1000,1.005
1795,1004,1000,1.004
1796,1002,1000,1.002
1797,1006,1000,1.006
1798,1008,1000,1.008
1799,1005,1000,1.005
1800,1006,1000,1.006
1801,1004,1000,1.004
1802,1006,1000,1.006
1803,1005,1000,1.005
1804,1008,1000,1.008
1805,1009,1000,1.009
1806,1004,1000,1.004
1807,1006,1000,1.006
1808,1007,1000,1.007
1809,1002,1000,1.002
1810,1009,1000,1.009
1811,1003,1000,1.003
1812,1007,1000,1.007
1813,1006,1000,1.006
1814,1008,1000,1.008
1815,1005,1000,1.005
1816,1006,1000,1.006
1817,1006,1000,1.006
1818,1005,1000,1.005
1819,1003,1000,1.003
1820,1005,1000,1.005
1821,1004,1000,1.004
1822,1009,1000,1.009
1823,1009,1000,1.009
1824,1005,1000,1.005
1825,1005,1000,1.005
1826,1008,1000,1.008
1827,1007,1000,1.007
1828,1007,1000,1.007
1829,1008,1000,1.008
1830,1008,1000,1.008
1831,1006,1000,1.006
1832,1011,1000,1.011
1833,1007,1000,1.007
1834,1013,1000,1.013
1835,1005,1000,1.005
1836,1006,1000,1.006
1837,1004,1000,1.004
1838,1006,1000,1.006
1839,1010,1000,1.01
1840,1007,1000,1.007
1841,1008,1000,1.008
1842,1005,1000,1.005
1843,1005,1000,1.005
1844,1003,1000,1.003
1845,1006,1000,1.006
1846,1007,1000,1.007
1847,1010,1000,1.01
1848,1009,1000,1.009
1849,1004,1000,1.004
1850,1007,1000,1.007
1851,1006,1000,1.006
1852,1010,1000,1.01
1853,1005,1000,1.005
1854,1011,1000,1.011
1855,1004,1000,1.004
1856,1005,1000,1.005
1857,1005,1000,1.005
1858,1007,1000,1.007
1859,1007,1000,1.007
1860,1004,1000,1.004
1861,1008,1000,1.008
1862,1008,1000,1.008
1863,1005,1000,1.005
1864,1007,1000,1.007
1865,1005,1000,1.005
1866,1004,1000,1.004
1867,1005,1000,1.005
1868,1008,1000,1.008
1869,1011,1000,1.011
1870,1005,1000,1.005
1871,1009,1000,1.009
1872,1009,1000,1.009
1873,1008,1000,1.008
1874,1006,1000,1.006
1875,1003,1000,1.003
1876,1005,1000,1.005
1877,1003,1000,1.003
1878,1005,1000,1.005
1879,1004,1000,1.004
1880,1004,1000,1.004
1881,1006,1000,1.006
1882,1004,1000,1.004
1883,1005,1000,1.005
1884,1008,1000,1.008
1885,1007,1000,1.007
1886,1004,1000,1.004
1887,1007,1000,1.007
1888,1007,1000,1.007
1889,1010,1000,1.01
1890,1009,1000,1.009
1891,1003,1000,1.003
1892,1005,1000,1.005
1893,1006,1000,1.006
1894,1005,1000,1.005
1895,1006,1000,1.006
1896,1006,1000,1.006
1897,1006,1000,1.006
1898,1013,1000,1.013
1899,1006,1000,1.006
1900,1003,1000,1.003
1901,1007,1000,1.007
1902,1008,1000,1.008
1903,1003,1000,1.003
1904,1005,1000,1.005
1905,1003,1000,1.003
1906,1007,1000,1.007
1907,1005,1000,1.005
1908,1010,1000,1.01
1909,1022,1000,1.022
1910,1005,1000,1.005
1911,1007,1000,1.007
1912,1006,1000,1.006
1913,1013,1000,1.013
1914,1008,1000,1.008
1915,1018,1000,1.018
1916,1004,1000,1.004
1917,1009,1000,1.009
1918,1004,1000,1.004
1919,1008,1000,1.008
1920,1010,1000,1.01
1921,1008,1000,1.008
1922,1005,1000,1.005
1923,1003,1000,1.003
1924,1004,1000,1.004
1925,1006,1000,1.006
1926,1004,1000,1.004
1927,1005,1000,1.005
1928,1006,1000,1.006
1929,1006,1000,1.006
1930,1005,1000,1.005
1931,1010,1000,1.01
1932,1004,1000,1.004
1933,1004,1000,1.004
1934,1007,1000,1.007
1935,1007,1000,1.007
1936,1007,1000,1.007
1937,1006,1000,1.006
1938,1010,1000,1.01
1939,1008,1000,1.008
1940,1006,1000,1.006
1941,1003,1000,1.003
1942,1024,1000,1.024
1943,1003,1000,1.003
1944,1005,1000,1.005
1945,1009,1000,1.009
1946,1005,1000,1.005
1947,1008,1000,1.008
1948,1003,1000,1.003
1949,1008,1000,1.008
1950,1005,1000,1.005
1951,1005,1000,1.005
1952,1004,1000,1.004
1953,1009,1000,1.009
1954,1005,1000,1.005
1955,1004,1000,1.004
1956,1007,1000,1.007
1957,1005,1000,1.005
1958,1005,1000,1.005
1959,1007,1000,1.007
1960,1005,1000,1.005
1961,1009,1000,1.009
1962,1011,1000,1.011
1963,1003,1000,1.003
1964,1015,1000,1.015
1965,1005,1000,1.005
1966,1008,1000,1.008
1967,1009,1000,1.009
1968,1008,1000,1.008
1969,1021,1000,1.021
1970,1004,1000,1.004
1971,1005,1000,1.005
1972,1006,1000,1.006
1973,1009,1000,1.009
1974,1008,1000,1.008
1975,1006,1000,1.006
1976,1019,1000,1.019
1977,1005,1000,1.005
1978,1007,1000,1.007
1979,1012,1000,1.012
1980,1006,1000,1.006
1981,1006,1000,1.006
1982,1005,1000,1.005
1983,1005,1000,1.005
1984,1010,1000,1.01
1985,1009,1000,1.009
1986,1005,1000,1.005
1987,1007,1000,1.007
1988,1005,1000,1.005
1989,1008,1000,1.008
1990,1008,1000,1.008
1991,1006,1000,1.006
1992,1008,1000,1.008
1993,1008,1000,1.008
1994,1012,1000,1.012
1995,1006,1000,1.006
1996,1007,1000,1.007
1997,1009,1000,1.009
1998,1005,1000,1.005
1999,1003,1000,1.003
2000,1007,1000,1.007
worst=1.069,best=1.002,avg=1.00685
